Workbook

Sheet 0_开始这里
A1: 青岛旅游UGC：主题分析试编码记录模板
A3: 试编码模板 · 尚未冻结 · 不含真实用户生成内容（UGC） · 不能据此声称已完成主题分析
A5: 这不是第二份0/1编码表。现有V1/V2/V3/V5等继续承担全样本结构化测量；本工作簿只在主题子语料中记录完整阅读、开放代码、代码应用、候选主题、反例与解释主张。
A8: 先填这5张核心表
A9: 顺序 | B9: 工作表 | C9: 何时填 | D9: 一行是什么 | E9: 产出 | F9: 关键规则 | G9: 全帖语境 | H9: 备注
A10: 1 | B10: 1_子语料清单 | C10: 分析前 | D10: 一篇纳入/排除记录 | E10: 试编码边界 | F10: 概率核心与目的性补充分开 | G10: 需要 | H10: 先不追求正式样本量
A11: 2 | B11: 2_熟悉材料 | C11: 完整阅读后 | D11: 研究者×帖子的一次备忘录 | E11: 初印象、张力、预期 | F11: 不得只看片段或标签 | G11: 需要 | H11: 先理解再编码
A12: 3 | B12: 3_开放代码登记 | C12: 出现可复用意义时 | D12: 一个代码的当前定义 | E12: 名称、边界、例证 | F12: 代码捕捉单一意义 | G12: 回看 | H12: 理论和数据驱动均可
A13: 4 | B13: 4_代码应用 | C13: 把代码用于证据时 | D13: 一次代码应用 | E13: 证据—代码—语境链 | F13: 没有记录不等于0 | G13: 需要 | H13: 可跨固定片段ID（seg_id）
A14: 5 | B14: 5_主题登记 | C14: 多个代码形成模式后 | D14: 一个主题的当前版本 | E14: 核心概念、分析主张 | F14: 话题名和高频代码不自动等于主题 | G14: 必须回到全子语料 | H14: 标记为“保留”前需复核
A16: 建议第一次试运行（方法调试，不是正式样本量结论）
A17: 1 | B17: 核心试编码 | C17: 30篇：5个平台×每平台3篇KOL+3篇KOC；不足时记录替代规则。
A18: 2 | B18: 研究者安排 | C18: 共同阅读6篇做熟悉与边界校准；其余24篇可分工，但每个候选主题须由另一人挑战性复核。
A19: 3 | B19: 目的性补充 | C19: 初轮后可补5—10篇反例、边界案例或缺失平台/媒体类型，并将抽样路径标为“目的性补充”。
A20: 4 | B20: 停止判断 | C20: 完成预先界定子语料，检查RQ可回答性、主题连贯、反例与团队能力；不机械宣布饱和。
A22: 候选RQ-T（试用，可在试编码后修订）
A23: 青岛旅游UGC中，创作者如何将目的地资源、体验评价与受众召唤组织为共享意义模式？这些模式在平台及KOL/KOC之间呈现哪些差异、张力与反例？
A26: 两条轨道如何分工
A27: 比较项 | B27: 结构化内容编码主轨 | E27: 主题分析解释轨
A28: 记录单位 | B28: 每个片段的固定字段值 | E28: 每次开放代码应用与解释记录
A29: 未记录 | B29: 按冻结契约可为0/不适用/无法判定 | E29: 未应用记录，不等于已经检查并判为0
A30: 语境 | B30: 固定片段ID（seg_id）或单图 | E30: 完整帖子；证据可跨多个固定片段ID
A31: 质量 | B31: Krippendorff α、Cohen κ、模型F1、锁定测试 | E31: 语料契合、边界、反例、反思透明度、同侪质询
A32: 输出 | B32: 频率、差异、监督标签 | E32: 共享意义模式、分析主张与解释叙事
A33: 关系 | B33: V类代码可提示回看材料 | E33: 主题不能由频数、显著性或模型聚类机械生成
A35: 方法与项目依据
A36: 项目方法审计 | B36: /Users/a123/Desktop/david/tourism-ugc-study/docs/methods/主题分析法编码表设计审计与实施说明.md
A37: 项目方法决策 | B37: /Users/a123/Desktop/david/tourism-ugc-study/docs/decisions/2026-08-13-主题分析轨方法定位与编码表升级决策.md
A38: 混合演绎—归纳方法 | B38: https://doi.org/10.1177/160940690600500107
A39: 主题分析类型与质量一致性 | B39: https://doi.org/10.1080/14780887.2020.1769238
A41: 隐私与AI红线
A42: • | B42: 模板不含真实UGC、作者标识、主页或访问令牌；实际证据只用受控ID/私有路径回指。
A43: • | B43: 未经授权，不把未公开语料、私有备注或完整子语料发送给外部模型/API。
A44: • | B44: 人工智能只能辅助检索、整理或提出候选关系；最终代码ID、主题ID和解释主张由研究者决定。
A45: • | B45: 使用人工智能时必须填写10_人工智能协助日志，并抽审未被建议的材料。
A46: • | B46: 技术标识保留原文：KOL/KOC、V类代码、ID、SHA-256、ISO 8601、RQ-T、F1和API。

Sheet 1_子语料清单
A1: 子语料记录ID | B1: 帖子ID | C1: 平台 | D1: 创作者组 | E1: 创作者层级 | F1: 抽样路径 | G1: 抽样层 | H1: 纳入状态 | I1: 纳入/排除理由 | J1: 来源文本版本 | K1: 内容哈希 | L1: 语境可用性 | M1: 受控原文引用 | N1: 子语料版本 | O1: 备注 | P1: 自动质检
P2: =IF(A2="","",IF(OR(B2="",C2="",D2="",E2="",F2="",H2="",I2="",J2="",K2="",L2="",N2=""),"需补充","正常"))
P3: =IF(A3="","",IF(OR(B3="",C3="",D3="",E3="",F3="",H3="",I3="",J3="",K3="",L3="",N3=""),"需补充","正常"))
P4: =IF(A4="","",IF(OR(B4="",C4="",D4="",E4="",F4="",H4="",I4="",J4="",K4="",L4="",N4=""),"需补充","正常"))
P5: =IF(A5="","",IF(OR(B5="",C5="",D5="",E5="",F5="",H5="",I5="",J5="",K5="",L5="",N5=""),"需补充","正常"))
P6: =IF(A6="","",IF(OR(B6="",C6="",D6="",E6="",F6="",H6="",I6="",J6="",K6="",L6="",N6=""),"需补充","正常"))
P7: =IF(A7="","",IF(OR(B7="",C7="",D7="",E7="",F7="",H7="",I7="",J7="",K7="",L7="",N7=""),"需补充","正常"))
P8: =IF(A8="","",IF(OR(B8="",C8="",D8="",E8="",F8="",H8="",I8="",J8="",K8="",L8="",N8=""),"需补充","正常"))
P9: =IF(A9="","",IF(OR(B9="",C9="",D9="",E9="",F9="",H9="",I9="",J9="",K9="",L9="",N9=""),"需补充","正常"))
P10: =IF(A10="","",IF(OR(B10="",C10="",D10="",E10="",F10="",H10="",I10="",J10="",K10="",L10="",N10=""),"需补充","正常"))
P11: =IF(A11="","",IF(OR(B11="",C11="",D11="",E11="",F11="",H11="",I11="",J11="",K11="",L11="",N11=""),"需补充","正常"))
P12: =IF(A12="","",IF(OR(B12="",C12="",D12="",E12="",F12="",H12="",I12="",J12="",K12="",L12="",N12=""),"需补充","正常"))
P13: =IF(A13="","",IF(OR(B13="",C13="",D13="",E13="",F13="",H13="",I13="",J13="",K13="",L13="",N13=""),"需补充","正常"))
... P201: =IF(A201="","",IF(OR(B201="",C201="",D201="",E201="",F201="",H201="",I201="",J201="",K201="",L201="",N201=""),"需补充","正常"))

Sheet 2_熟悉材料
A1: 熟悉材料备忘录ID | B1: 子语料记录ID | C1: 帖子ID | D1: 研究者匿名ID | E1: 是否完整阅读 | F1: 是否检查完整语境 | G1: 整体初印象 | H1: 反复出现的意义 | I1: 意外、矛盾与张力 | J1: 平台语境 | K1: 创作者文本定位 | L1: 图文关系 | M1: 研究者原有预期 | N1: 后续追问 | O1: 备忘录版本 | P1: 记录时间 | Q1: 自动质检
Q2: =IF(A2="","",IF(OR(B2="",C2="",D2="",E2="",F2="",G2="",M2="",O2="",P2=""),"需补充",IF(E2<>"是","需复核","正常")))
Q3: =IF(A3="","",IF(OR(B3="",C3="",D3="",E3="",F3="",G3="",M3="",O3="",P3=""),"需补充",IF(E3<>"是","需复核","正常")))
Q4: =IF(A4="","",IF(OR(B4="",C4="",D4="",E4="",F4="",G4="",M4="",O4="",P4=""),"需补充",IF(E4<>"是","需复核","正常")))
Q5: =IF(A5="","",IF(OR(B5="",C5="",D5="",E5="",F5="",G5="",M5="",O5="",P5=""),"需补充",IF(E5<>"是","需复核","正常")))
Q6: =IF(A6="","",IF(OR(B6="",C6="",D6="",E6="",F6="",G6="",M6="",O6="",P6=""),"需补充",IF(E6<>"是","需复核","正常")))
Q7: =IF(A7="","",IF(OR(B7="",C7="",D7="",E7="",F7="",G7="",M7="",O7="",P7=""),"需补充",IF(E7<>"是","需复核","正常")))
Q8: =IF(A8="","",IF(OR(B8="",C8="",D8="",E8="",F8="",G8="",M8="",O8="",P8=""),"需补充",IF(E8<>"是","需复核","正常")))
Q9: =IF(A9="","",IF(OR(B9="",C9="",D9="",E9="",F9="",G9="",M9="",O9="",P9=""),"需补充",IF(E9<>"是","需复核","正常")))
Q10: =IF(A10="","",IF(OR(B10="",C10="",D10="",E10="",F10="",G10="",M10="",O10="",P10=""),"需补充",IF(E10<>"是","需复核","正常")))
Q11: =IF(A11="","",IF(OR(B11="",C11="",D11="",E11="",F11="",G11="",M11="",O11="",P11=""),"需补充",IF(E11<>"是","需复核","正常")))
Q12: =IF(A12="","",IF(OR(B12="",C12="",D12="",E12="",F12="",G12="",M12="",O12="",P12=""),"需补充",IF(E12<>"是","需复核","正常")))
Q13: =IF(A13="","",IF(OR(B13="",C13="",D13="",E13="",F13="",G13="",M13="",O13="",P13=""),"需补充",IF(E13<>"是","需复核","正常")))
... Q201: =IF(A201="","",IF(OR(B201="",C201="",D201="",E201="",F201="",G201="",M201="",O201="",P201=""),"需补充",IF(E201<>"是","需复核","正常")))

Sheet 3_开放代码登记
A1: 开放代码ID | B1: 代码名称 | C1: 简要定义 | D1: 代码来源 | E1: 分析层次 | F1: 纳入标准 | G1: 排除标准 | H1: 正例说明 | I1: 反例/近邻说明 | J1: 相关V类代码 | K1: 代码状态 | L1: 父代码ID | M1: 替代代码ID | N1: 代码版本 | O1: 决策日志ID | P1: 创建者匿名ID | Q1: 创建/更新时间 | R1: 自动质检
R2: =IF(A2="","",IF(OR(B2="",C2="",D2="",E2="",K2="",N2="",P2="",Q2=""),"需补充",IF(AND(K2="使用中",OR(F2="",G2="",H2="",I2="")),"需复核","正常")))
R3: =IF(A3="","",IF(OR(B3="",C3="",D3="",E3="",K3="",N3="",P3="",Q3=""),"需补充",IF(AND(K3="使用中",OR(F3="",G3="",H3="",I3="")),"需复核","正常")))
R4: =IF(A4="","",IF(OR(B4="",C4="",D4="",E4="",K4="",N4="",P4="",Q4=""),"需补充",IF(AND(K4="使用中",OR(F4="",G4="",H4="",I4="")),"需复核","正常")))
R5: =IF(A5="","",IF(OR(B5="",C5="",D5="",E5="",K5="",N5="",P5="",Q5=""),"需补充",IF(AND(K5="使用中",OR(F5="",G5="",H5="",I5="")),"需复核","正常")))
R6: =IF(A6="","",IF(OR(B6="",C6="",D6="",E6="",K6="",N6="",P6="",Q6=""),"需补充",IF(AND(K6="使用中",OR(F6="",G6="",H6="",I6="")),"需复核","正常")))
R7: =IF(A7="","",IF(OR(B7="",C7="",D7="",E7="",K7="",N7="",P7="",Q7=""),"需补充",IF(AND(K7="使用中",OR(F7="",G7="",H7="",I7="")),"需复核","正常")))
R8: =IF(A8="","",IF(OR(B8="",C8="",D8="",E8="",K8="",N8="",P8="",Q8=""),"需补充",IF(AND(K8="使用中",OR(F8="",G8="",H8="",I8="")),"需复核","正常")))
R9: =IF(A9="","",IF(OR(B9="",C9="",D9="",E9="",K9="",N9="",P9="",Q9=""),"需补充",IF(AND(K9="使用中",OR(F9="",G9="",H9="",I9="")),"需复核","正常")))
R10: =IF(A10="","",IF(OR(B10="",C10="",D10="",E10="",K10="",N10="",P10="",Q10=""),"需补充",IF(AND(K10="使用中",OR(F10="",G10="",H10="",I10="")),"需复核","正常")))
R11: =IF(A11="","",IF(OR(B11="",C11="",D11="",E11="",K11="",N11="",P11="",Q11=""),"需补充",IF(AND(K11="使用中",OR(F11="",G11="",H11="",I11="")),"需复核","正常")))
R12: =IF(A12="","",IF(OR(B12="",C12="",D12="",E12="",K12="",N12="",P12="",Q12=""),"需补充",IF(AND(K12="使用中",OR(F12="",G12="",H12="",I12="")),"需复核","正常")))
R13: =IF(A13="","",IF(OR(B13="",C13="",D13="",E13="",K13="",N13="",P13="",Q13=""),"需补充",IF(AND(K13="使用中",OR(F13="",G13="",H13="",I13="")),"需复核","正常")))
... R201: =IF(A201="","",IF(OR(B201="",C201="",D201="",E201="",K201="",N201="",P201="",Q201=""),"需补充",IF(AND(K201="使用中",OR(F201="",G201="",H201="",I201="")),"需复核","正常")))

Sheet 4_代码应用
A1: 代码应用ID | B1: 子语料记录ID | C1: 帖子ID | D1: 证据片段ID | E1: 开放代码ID | F1: 受控证据引用 | G1: 起始偏移量 | H1: 结束偏移量 | I1: 证据文本哈希 | J1: 必要语境 | K1: 分析备忘录 | L1: 替代解释 | M1: 反例线索 | N1: 解释成熟度 | O1: 研究者匿名ID | P1: 代码版本 | Q1: 来源文本版本 | R1: 应用时间 | S1: 自动质检
S2: =IF(A2="","",IF(OR(B2="",C2="",D2="",E2="",F2="",I2="",J2="",K2="",M2="",N2="",O2="",P2="",Q2="",R2=""),"需补充",IF(OR(G2="",H2=""),"试用正常/偏移量待冻结","正常")))
S3: =IF(A3="","",IF(OR(B3="",C3="",D3="",E3="",F3="",I3="",J3="",K3="",M3="",N3="",O3="",P3="",Q3="",R3=""),"需补充",IF(OR(G3="",H3=""),"试用正常/偏移量待冻结","正常")))
S4: =IF(A4="","",IF(OR(B4="",C4="",D4="",E4="",F4="",I4="",J4="",K4="",M4="",N4="",O4="",P4="",Q4="",R4=""),"需补充",IF(OR(G4="",H4=""),"试用正常/偏移量待冻结","正常")))
S5: =IF(A5="","",IF(OR(B5="",C5="",D5="",E5="",F5="",I5="",J5="",K5="",M5="",N5="",O5="",P5="",Q5="",R5=""),"需补充",IF(OR(G5="",H5=""),"试用正常/偏移量待冻结","正常")))
S6: =IF(A6="","",IF(OR(B6="",C6="",D6="",E6="",F6="",I6="",J6="",K6="",M6="",N6="",O6="",P6="",Q6="",R6=""),"需补充",IF(OR(G6="",H6=""),"试用正常/偏移量待冻结","正常")))
S7: =IF(A7="","",IF(OR(B7="",C7="",D7="",E7="",F7="",I7="",J7="",K7="",M7="",N7="",O7="",P7="",Q7="",R7=""),"需补充",IF(OR(G7="",H7=""),"试用正常/偏移量待冻结","正常")))
S8: =IF(A8="","",IF(OR(B8="",C8="",D8="",E8="",F8="",I8="",J8="",K8="",M8="",N8="",O8="",P8="",Q8="",R8=""),"需补充",IF(OR(G8="",H8=""),"试用正常/偏移量待冻结","正常")))
S9: =IF(A9="","",IF(OR(B9="",C9="",D9="",E9="",F9="",I9="",J9="",K9="",M9="",N9="",O9="",P9="",Q9="",R9=""),"需补充",IF(OR(G9="",H9=""),"试用正常/偏移量待冻结","正常")))
S10: =IF(A10="","",IF(OR(B10="",C10="",D10="",E10="",F10="",I10="",J10="",K10="",M10="",N10="",O10="",P10="",Q10="",R10=""),"需补充",IF(OR(G10="",H10=""),"试用正常/偏移量待冻结","正常")))
S11: =IF(A11="","",IF(OR(B11="",C11="",D11="",E11="",F11="",I11="",J11="",K11="",M11="",N11="",O11="",P11="",Q11="",R11=""),"需补充",IF(OR(G11="",H11=""),"试用正常/偏移量待冻结","正常")))
S12: =IF(A12="","",IF(OR(B12="",C12="",D12="",E12="",F12="",I12="",J12="",K12="",M12="",N12="",O12="",P12="",Q12="",R12=""),"需补充",IF(OR(G12="",H12=""),"试用正常/偏移量待冻结","正常")))
S13: =IF(A13="","",IF(OR(B13="",C13="",D13="",E13="",F13="",I13="",J13="",K13="",M13="",N13="",O13="",P13="",Q13="",R13=""),"需补充",IF(OR(G13="",H13=""),"试用正常/偏移量待冻结","正常")))
... S501: =IF(A501="","",IF(OR(B501="",C501="",D501="",E501="",F501="",I501="",J501="",K501="",M501="",N501="",O501="",P501="",Q501="",R501=""),"需补充",IF(OR(G501="",H501=""),"试用正常/偏移量待冻结","正常")))

Sheet 5_主题登记
A1: 主题ID | B1: 主题名称 | C1: 主题状态 | D1: 核心组织概念 | E1: 分析主张 | F1: 关联研究问题 | G1: 纳入边界 | H1: 排除边界 | I1: 与其他主题边界 | J1: 分组模式备注 | K1: 反例检索状态 | L1: 全子语料复核 | M1: 主题版本 | N1: 替代的主题ID | O1: 决策日志ID | P1: 主题负责人匿名ID | Q1: 更新时间 | R1: 支持链接数 | S1: 反例链接数 | T1: 自动质检
R2: =IF(A2="","",COUNTIFS('6_主题证据映射'!$B$2:$B$501,A2,'6_主题证据映射'!$F$2:$F$501,"核心证据")+COUNTIFS('6_主题证据映射'!$B$2:$B$501,A2,'6_主题证据映射'!$F$2:$F$501,"支持证据")) | S2: =IF(A2="","",COUNTIFS('6_主题证据映射'!$B$2:$B$501,A2,'6_主题证据映射'!$F$2:$F$501,"反例证据")) | T2: =IF(A2="","",IF(OR(B2="",C2="",D2="",E2="",F2="",M2="",P2="",Q2=""),"需补充",IF(C2="保留",IF(OR(G2="",H2="",K2="未开始",L2<>"已完成",R2=0),"需复核","正常"),"正常")))
R3: =IF(A3="","",COUNTIFS('6_主题证据映射'!$B$2:$B$501,A3,'6_主题证据映射'!$F$2:$F$501,"核心证据")+COUNTIFS('6_主题证据映射'!$B$2:$B$501,A3,'6_主题证据映射'!$F$2:$F$501,"支持证据")) | S3: =IF(A3="","",COUNTIFS('6_主题证据映射'!$B$2:$B$501,A3,'6_主题证据映射'!$F$2:$F$501,"反例证据")) | T3: =IF(A3="","",IF(OR(B3="",C3="",D3="",E3="",F3="",M3="",P3="",Q3=""),"需补充",IF(C3="保留",IF(OR(G3="",H3="",K3="未开始",L3<>"已完成",R3=0),"需复核","正常"),"正常")))
R4: =IF(A4="","",COUNTIFS('6_主题证据映射'!$B$2:$B$501,A4,'6_主题证据映射'!$F$2:$F$501,"核心证据")+COUNTIFS('6_主题证据映射'!$B$2:$B$501,A4,'6_主题证据映射'!$F$2:$F$501,"支持证据")) | S4: =IF(A4="","",COUNTIFS('6_主题证据映射'!$B$2:$B$501,A4,'6_主题证据映射'!$F$2:$F$501,"反例证据")) | T4: =IF(A4="","",IF(OR(B4="",C4="",D4="",E4="",F4="",M4="",P4="",Q4=""),"需补充",IF(C4="保留",IF(OR(G4="",H4="",K4="未开始",L4<>"已完成",R4=0),"需复核","正常"),"正常")))
R5: =IF(A5="","",COUNTIFS('6_主题证据映射'!$B$2:$B$501,A5,'6_主题证据映射'!$F$2:$F$501,"核心证据")+COUNTIFS('6_主题证据映射'!$B$2:$B$501,A5,'6_主题证据映射'!$F$2:$F$501,"支持证据")) | S5: =IF(A5="","",COUNTIFS('6_主题证据映射'!$B$2:$B$501,A5,'6_主题证据映射'!$F$2:$F$501,"反例证据")) | T5: =IF(A5="","",IF(OR(B5="",C5="",D5="",E5="",F5="",M5="",P5="",Q5=""),"需补充",IF(C5="保留",IF(OR(G5="",H5="",K5="未开始",L5<>"已完成",R5=0),"需复核","正常"),"正常")))
R6: =IF(A6="","",COUNTIFS('6_主题证据映射'!$B$2:$B$501,A6,'6_主题证据映射'!$F$2:$F$501,"核心证据")+COUNTIFS('6_主题证据映射'!$B$2:$B$501,A6,'6_主题证据映射'!$F$2:$F$501,"支持证据")) | S6: =IF(A6="","",COUNTIFS('6_主题证据映射'!$B$2:$B$501,A6,'6_主题证据映射'!$F$2:$F$501,"反例证据")) | T6: =IF(A6="","",IF(OR(B6="",C6="",D6="",E6="",F6="",M6="",P6="",Q6=""),"需补充",IF(C6="保留",IF(OR(G6="",H6="",K6="未开始",L6<>"已完成",R6=0),"需复核","正常"),"正常")))
R7: =IF(A7="","",COUNTIFS('6_主题证据映射'!$B$2:$B$501,A7,'6_主题证据映射'!$F$2:$F$501,"核心证据")+COUNTIFS('6_主题证据映射'!$B$2:$B$501,A7,'6_主题证据映射'!$F$2:$F$501,"支持证据")) | S7: =IF(A7="","",COUNTIFS('6_主题证据映射'!$B$2:$B$501,A7,'6_主题证据映射'!$F$2:$F$501,"反例证据")) | T7: =IF(A7="","",IF(OR(B7="",C7="",D7="",E7="",F7="",M7="",P7="",Q7=""),"需补充",IF(C7="保留",IF(OR(G7="",H7="",K7="未开始",L7<>"已完成",R7=0),"需复核","正常"),"正常")))
R8: =IF(A8="","",COUNTIFS('6_主题证据映射'!$B$2:$B$501,A8,'6_主题证据映射'!$F$2:$F$501,"核心证据")+COUNTIFS('6_主题证据映射'!$B$2:$B$501,A8,'6_主题证据映射'!$F$2:$F$501,"支持证据")) | S8: =IF(A8="","",COUNTIFS('6_主题证据映射'!$B$2:$B$501,A8,'6_主题证据映射'!$F$2:$F$501,"反例证据")) | T8: =IF(A8="","",IF(OR(B8="",C8="",D8="",E8="",F8="",M8="",P8="",Q8=""),"需补充",IF(C8="保留",IF(OR(G8="",H8="",K8="未开始",L8<>"已完成",R8=0),"需复核","正常"),"正常")))
R9: =IF(A9="","",COUNTIFS('6_主题证据映射'!$B$2:$B$501,A9,'6_主题证据映射'!$F$2:$F$501,"核心证据")+COUNTIFS('6_主题证据映射'!$B$2:$B$501,A9,'6_主题证据映射'!$F$2:$F$501,"支持证据")) | S9: =IF(A9="","",COUNTIFS('6_主题证据映射'!$B$2:$B$501,A9,'6_主题证据映射'!$F$2:$F$501,"反例证据")) | T9: =IF(A9="","",IF(OR(B9="",C9="",D9="",E9="",F9="",M9="",P9="",Q9=""),"需补充",IF(C9="保留",IF(OR(G9="",H9="",K9="未开始",L9<>"已完成",R9=0),"需复核","正常"),"正常")))
R10: =IF(A10="","",COUNTIFS('6_主题证据映射'!$B$2:$B$501,A10,'6_主题证据映射'!$F$2:$F$501,"核心证据")+COUNTIFS('6_主题证据映射'!$B$2:$B$501,A10,'6_主题证据映射'!$F$2:$F$501,"支持证据")) | S10: =IF(A10="","",COUNTIFS('6_主题证据映射'!$B$2:$B$501,A10,'6_主题证据映射'!$F$2:$F$501,"反例证据")) | T10: =IF(A10="","",IF(OR(B10="",C10="",D10="",E10="",F10="",M10="",P10="",Q10=""),"需补充",IF(C10="保留",IF(OR(G10="",H10="",K10="未开始",L10<>"已完成",R10=0),"需复核","正常"),"正常")))
R11: =IF(A11="","",COUNTIFS('6_主题证据映射'!$B$2:$B$501,A11,'6_主题证据映射'!$F$2:$F$501,"核心证据")+COUNTIFS('6_主题证据映射'!$B$2:$B$501,A11,'6_主题证据映射'!$F$2:$F$501,"支持证据")) | S11: =IF(A11="","",COUNTIFS('6_主题证据映射'!$B$2:$B$501,A11,'6_主题证据映射'!$F$2:$F$501,"反例证据")) | T11: =IF(A11="","",IF(OR(B11="",C11="",D11="",E11="",F11="",M11="",P11="",Q11=""),"需补充",IF(C11="保留",IF(OR(G11="",H11="",K11="未开始",L11<>"已完成",R11=0),"需复核","正常"),"正常")))
R12: =IF(A12="","",COUNTIFS('6_主题证据映射'!$B$2:$B$501,A12,'6_主题证据映射'!$F$2:$F$501,"核心证据")+COUNTIFS('6_主题证据映射'!$B$2:$B$501,A12,'6_主题证据映射'!$F$2:$F$501,"支持证据")) | S12: =IF(A12="","",COUNTIFS('6_主题证据映射'!$B$2:$B$501,A12,'6_主题证据映射'!$F$2:$F$501,"反例证据")) | T12: =IF(A12="","",IF(OR(B12="",C12="",D12="",E12="",F12="",M12="",P12="",Q12=""),"需补充",IF(C12="保留",IF(OR(G12="",H12="",K12="未开始",L12<>"已完成",R12=0),"需复核","正常"),"正常")))
R13: =IF(A13="","",COUNTIFS('6_主题证据映射'!$B$2:$B$501,A13,'6_主题证据映射'!$F$2:$F$501,"核心证据")+COUNTIFS('6_主题证据映射'!$B$2:$B$501,A13,'6_主题证据映射'!$F$2:$F$501,"支持证据")) | S13: =IF(A13="","",COUNTIFS('6_主题证据映射'!$B$2:$B$501,A13,'6_主题证据映射'!$F$2:$F$501,"反例证据")) | T13: =IF(A13="","",IF(OR(B13="",C13="",D13="",E13="",F13="",M13="",P13="",Q13=""),"需补充",IF(C13="保留",IF(OR(G13="",H13="",K13="未开始",L13<>"已完成",R13=0),"需复核","正常"),"正常")))
... R201: =IF(A201="","",COUNTIFS('6_主题证据映射'!$B$2:$B$501,A201,'6_主题证据映射'!$F$2:$F$501,"核心证据")+COUNTIFS('6_主题证据映射'!$B$2:$B$501,A201,'6_主题证据映射'!$F$2:$F$501,"支持证据")) | S201: =IF(A201="","",COUNTIFS('6_主题证据映射'!$B$2:$B$501,A201,'6_主题证据映射'!$F$2:$F$501,"反例证据")) | T201: =IF(A201="","",IF(OR(B201="",C201="",D201="",E201="",F201="",M201="",P201="",Q201=""),"需补充",IF(C201="保留",IF(OR(G201="",H201="",K201="未开始",L201<>"已完成",R201=0),"需复核","正常"),"正常")))

Sheet 6_主题证据映射
A1: 映射ID | B1: 主题ID | C1: 开放代码ID | D1: 代码应用ID | E1: 帖子ID | F1: 与主题关系 | G1: 连接理由 | H1: 映射者匿名ID | I1: 映射时间 | J1: 自动质检
J2: =IF(A2="","",IF(OR(B2="",C2="",D2="",E2="",F2="",G2="",H2="",I2=""),"需补充","正常"))
J3: =IF(A3="","",IF(OR(B3="",C3="",D3="",E3="",F3="",G3="",H3="",I3=""),"需补充","正常"))
J4: =IF(A4="","",IF(OR(B4="",C4="",D4="",E4="",F4="",G4="",H4="",I4=""),"需补充","正常"))
J5: =IF(A5="","",IF(OR(B5="",C5="",D5="",E5="",F5="",G5="",H5="",I5=""),"需补充","正常"))
J6: =IF(A6="","",IF(OR(B6="",C6="",D6="",E6="",F6="",G6="",H6="",I6=""),"需补充","正常"))
J7: =IF(A7="","",IF(OR(B7="",C7="",D7="",E7="",F7="",G7="",H7="",I7=""),"需补充","正常"))
J8: =IF(A8="","",IF(OR(B8="",C8="",D8="",E8="",F8="",G8="",H8="",I8=""),"需补充","正常"))
J9: =IF(A9="","",IF(OR(B9="",C9="",D9="",E9="",F9="",G9="",H9="",I9=""),"需补充","正常"))
J10: =IF(A10="","",IF(OR(B10="",C10="",D10="",E10="",F10="",G10="",H10="",I10=""),"需补充","正常"))
J11: =IF(A11="","",IF(OR(B11="",C11="",D11="",E11="",F11="",G11="",H11="",I11=""),"需补充","正常"))
J12: =IF(A12="","",IF(OR(B12="",C12="",D12="",E12="",F12="",G12="",H12="",I12=""),"需补充","正常"))
J13: =IF(A13="","",IF(OR(B13="",C13="",D13="",E13="",F13="",G13="",H13="",I13=""),"需补充","正常"))
... J501: =IF(A501="","",IF(OR(B501="",C501="",D501="",E501="",F501="",G501="",H501="",I501=""),"需补充","正常"))

Sheet 7_主题复核
A1: 复核ID | B1: 主题ID | C1: 复核者匿名ID | D1: 复核范围 | E1: 子语料版本 | F1: 主题内连贯性 | G1: 全子语料契合 | H1: 主题间区分度 | I1: 边界清晰度 | J1: 反例处理 | K1: 分组检查 | L1: 竞争解释 | M1: 复核决定 | N1: 所需行动 | O1: 复核时间 | P1: 自动质检
P2: =IF(A2="","",IF(OR(B2="",C2="",D2="",E2="",F2="",G2="",H2="",I2="",J2="",K2="",L2="",M2="",N2="",O2=""),"需补充",IF(COUNTIF(F2:K2,"未通过")>0,"需处理",IF(COUNTIF(F2:K2,"需修订")>0,"需修订","正常"))))
P3: =IF(A3="","",IF(OR(B3="",C3="",D3="",E3="",F3="",G3="",H3="",I3="",J3="",K3="",L3="",M3="",N3="",O3=""),"需补充",IF(COUNTIF(F3:K3,"未通过")>0,"需处理",IF(COUNTIF(F3:K3,"需修订")>0,"需修订","正常"))))
P4: =IF(A4="","",IF(OR(B4="",C4="",D4="",E4="",F4="",G4="",H4="",I4="",J4="",K4="",L4="",M4="",N4="",O4=""),"需补充",IF(COUNTIF(F4:K4,"未通过")>0,"需处理",IF(COUNTIF(F4:K4,"需修订")>0,"需修订","正常"))))
P5: =IF(A5="","",IF(OR(B5="",C5="",D5="",E5="",F5="",G5="",H5="",I5="",J5="",K5="",L5="",M5="",N5="",O5=""),"需补充",IF(COUNTIF(F5:K5,"未通过")>0,"需处理",IF(COUNTIF(F5:K5,"需修订")>0,"需修订","正常"))))
P6: =IF(A6="","",IF(OR(B6="",C6="",D6="",E6="",F6="",G6="",H6="",I6="",J6="",K6="",L6="",M6="",N6="",O6=""),"需补充",IF(COUNTIF(F6:K6,"未通过")>0,"需处理",IF(COUNTIF(F6:K6,"需修订")>0,"需修订","正常"))))
P7: =IF(A7="","",IF(OR(B7="",C7="",D7="",E7="",F7="",G7="",H7="",I7="",J7="",K7="",L7="",M7="",N7="",O7=""),"需补充",IF(COUNTIF(F7:K7,"未通过")>0,"需处理",IF(COUNTIF(F7:K7,"需修订")>0,"需修订","正常"))))
P8: =IF(A8="","",IF(OR(B8="",C8="",D8="",E8="",F8="",G8="",H8="",I8="",J8="",K8="",L8="",M8="",N8="",O8=""),"需补充",IF(COUNTIF(F8:K8,"未通过")>0,"需处理",IF(COUNTIF(F8:K8,"需修订")>0,"需修订","正常"))))
P9: =IF(A9="","",IF(OR(B9="",C9="",D9="",E9="",F9="",G9="",H9="",I9="",J9="",K9="",L9="",M9="",N9="",O9=""),"需补充",IF(COUNTIF(F9:K9,"未通过")>0,"需处理",IF(COUNTIF(F9:K9,"需修订")>0,"需修订","正常"))))
P10: =IF(A10="","",IF(OR(B10="",C10="",D10="",E10="",F10="",G10="",H10="",I10="",J10="",K10="",L10="",M10="",N10="",O10=""),"需补充",IF(COUNTIF(F10:K10,"未通过")>0,"需处理",IF(COUNTIF(F10:K10,"需修订")>0,"需修订","正常"))))
P11: =IF(A11="","",IF(OR(B11="",C11="",D11="",E11="",F11="",G11="",H11="",I11="",J11="",K11="",L11="",M11="",N11="",O11=""),"需补充",IF(COUNTIF(F11:K11,"未通过")>0,"需处理",IF(COUNTIF(F11:K11,"需修订")>0,"需修订","正常"))))
P12: =IF(A12="","",IF(OR(B12="",C12="",D12="",E12="",F12="",G12="",H12="",I12="",J12="",K12="",L12="",M12="",N12="",O12=""),"需补充",IF(COUNTIF(F12:K12,"未通过")>0,"需处理",IF(COUNTIF(F12:K12,"需修订")>0,"需修订","正常"))))
P13: =IF(A13="","",IF(OR(B13="",C13="",D13="",E13="",F13="",G13="",H13="",I13="",J13="",K13="",L13="",M13="",N13="",O13=""),"需补充",IF(COUNTIF(F13:K13,"未通过")>0,"需处理",IF(COUNTIF(F13:K13,"需修订")>0,"需修订","正常"))))
... P201: =IF(A201="","",IF(OR(B201="",C201="",D201="",E201="",F201="",G201="",H201="",I201="",J201="",K201="",L201="",M201="",N201="",O201=""),"需补充",IF(COUNTIF(F201:K201,"未通过")>0,"需处理",IF(COUNTIF(F201:K201,"需修订")>0,"需修订","正常"))))

Sheet 8_反思备忘录
A1: 反思备忘录ID | B1: 研究者匿名ID | C1: 分析阶段 | D1: 关联对象类型 | E1: 关联对象ID | F1: 立场或既有预期 | G1: 可能造成的影响 | H1: 竞争解释 | I1: 挑战判断的证据 | J1: 采取的行动 | K1: 同侪讨论引用 | L1: 记录时间 | M1: 自动质检
M2: =IF(A2="","",IF(OR(B2="",C2="",D2="",F2="",G2="",H2="",J2="",L2=""),"需补充",IF(AND(D2<>"一般",E2=""),"需补充","正常")))
M3: =IF(A3="","",IF(OR(B3="",C3="",D3="",F3="",G3="",H3="",J3="",L3=""),"需补充",IF(AND(D3<>"一般",E3=""),"需补充","正常")))
M4: =IF(A4="","",IF(OR(B4="",C4="",D4="",F4="",G4="",H4="",J4="",L4=""),"需补充",IF(AND(D4<>"一般",E4=""),"需补充","正常")))
M5: =IF(A5="","",IF(OR(B5="",C5="",D5="",F5="",G5="",H5="",J5="",L5=""),"需补充",IF(AND(D5<>"一般",E5=""),"需补充","正常")))
M6: =IF(A6="","",IF(OR(B6="",C6="",D6="",F6="",G6="",H6="",J6="",L6=""),"需补充",IF(AND(D6<>"一般",E6=""),"需补充","正常")))
M7: =IF(A7="","",IF(OR(B7="",C7="",D7="",F7="",G7="",H7="",J7="",L7=""),"需补充",IF(AND(D7<>"一般",E7=""),"需补充","正常")))
M8: =IF(A8="","",IF(OR(B8="",C8="",D8="",F8="",G8="",H8="",J8="",L8=""),"需补充",IF(AND(D8<>"一般",E8=""),"需补充","正常")))
M9: =IF(A9="","",IF(OR(B9="",C9="",D9="",F9="",G9="",H9="",J9="",L9=""),"需补充",IF(AND(D9<>"一般",E9=""),"需补充","正常")))
M10: =IF(A10="","",IF(OR(B10="",C10="",D10="",F10="",G10="",H10="",J10="",L10=""),"需补充",IF(AND(D10<>"一般",E10=""),"需补充","正常")))
M11: =IF(A11="","",IF(OR(B11="",C11="",D11="",F11="",G11="",H11="",J11="",L11=""),"需补充",IF(AND(D11<>"一般",E11=""),"需补充","正常")))
M12: =IF(A12="","",IF(OR(B12="",C12="",D12="",F12="",G12="",H12="",J12="",L12=""),"需补充",IF(AND(D12<>"一般",E12=""),"需补充","正常")))
M13: =IF(A13="","",IF(OR(B13="",C13="",D13="",F13="",G13="",H13="",J13="",L13=""),"需补充",IF(AND(D13<>"一般",E13=""),"需补充","正常")))
... M201: =IF(A201="","",IF(OR(B201="",C201="",D201="",F201="",G201="",H201="",J201="",L201=""),"需补充",IF(AND(D201<>"一般",E201=""),"需补充","正常")))

Sheet 9_决策日志
A1: 决策ID | B1: 对象类型 | C1: 对象ID | D1: 决策类型 | E1: 决策状态 | F1: 变更前版本 | G1: 变更后版本 | H1: 决策理由 | I1: 证据引用 | J1: 考虑的替代方案 | K1: 决策者匿名ID | L1: 决策时间 | M1: 自动质检
M2: =IF(A2="","",IF(OR(B2="",C2="",D2="",E2="",H2="",I2="",J2="",K2="",L2=""),"需补充",IF(AND(E2="已关闭",G2=""),"需补充","正常")))
M3: =IF(A3="","",IF(OR(B3="",C3="",D3="",E3="",H3="",I3="",J3="",K3="",L3=""),"需补充",IF(AND(E3="已关闭",G3=""),"需补充","正常")))
M4: =IF(A4="","",IF(OR(B4="",C4="",D4="",E4="",H4="",I4="",J4="",K4="",L4=""),"需补充",IF(AND(E4="已关闭",G4=""),"需补充","正常")))
M5: =IF(A5="","",IF(OR(B5="",C5="",D5="",E5="",H5="",I5="",J5="",K5="",L5=""),"需补充",IF(AND(E5="已关闭",G5=""),"需补充","正常")))
M6: =IF(A6="","",IF(OR(B6="",C6="",D6="",E6="",H6="",I6="",J6="",K6="",L6=""),"需补充",IF(AND(E6="已关闭",G6=""),"需补充","正常")))
M7: =IF(A7="","",IF(OR(B7="",C7="",D7="",E7="",H7="",I7="",J7="",K7="",L7=""),"需补充",IF(AND(E7="已关闭",G7=""),"需补充","正常")))
M8: =IF(A8="","",IF(OR(B8="",C8="",D8="",E8="",H8="",I8="",J8="",K8="",L8=""),"需补充",IF(AND(E8="已关闭",G8=""),"需补充","正常")))
M9: =IF(A9="","",IF(OR(B9="",C9="",D9="",E9="",H9="",I9="",J9="",K9="",L9=""),"需补充",IF(AND(E9="已关闭",G9=""),"需补充","正常")))
M10: =IF(A10="","",IF(OR(B10="",C10="",D10="",E10="",H10="",I10="",J10="",K10="",L10=""),"需补充",IF(AND(E10="已关闭",G10=""),"需补充","正常")))
M11: =IF(A11="","",IF(OR(B11="",C11="",D11="",E11="",H11="",I11="",J11="",K11="",L11=""),"需补充",IF(AND(E11="已关闭",G11=""),"需补充","正常")))
M12: =IF(A12="","",IF(OR(B12="",C12="",D12="",E12="",H12="",I12="",J12="",K12="",L12=""),"需补充",IF(AND(E12="已关闭",G12=""),"需补充","正常")))
M13: =IF(A13="","",IF(OR(B13="",C13="",D13="",E13="",H13="",I13="",J13="",K13="",L13=""),"需补充",IF(AND(E13="已关闭",G13=""),"需补充","正常")))
... M201: =IF(A201="","",IF(OR(B201="",C201="",D201="",E201="",H201="",I201="",J201="",K201="",L201=""),"需补充",IF(AND(E201="已关闭",G201=""),"需补充","正常")))

Sheet 10_人工智能协助日志
A1: 人工智能协助记录ID | B1: 分析阶段 | C1: 输入范围类型 | D1: 输入对象ID | E1: 工具/模型版本 | F1: 人工智能任务 | G1: 建议摘要 | H1: 人工决定 | I1: 人工决定理由 | J1: 人工复核者匿名ID | K1: 漏检抽审范围 | L1: 漏检抽审结果 | M1: 隐私检查 | N1: 记录时间 | O1: 自动质检
O2: =IF(A2="","",IF(OR(B2="",C2="",D2="",E2="",F2="",G2="",H2="",I2="",J2="",K2="",L2="",M2="",N2=""),"需补充",IF(M2="未通过","禁止使用","正常")))
O3: =IF(A3="","",IF(OR(B3="",C3="",D3="",E3="",F3="",G3="",H3="",I3="",J3="",K3="",L3="",M3="",N3=""),"需补充",IF(M3="未通过","禁止使用","正常")))
O4: =IF(A4="","",IF(OR(B4="",C4="",D4="",E4="",F4="",G4="",H4="",I4="",J4="",K4="",L4="",M4="",N4=""),"需补充",IF(M4="未通过","禁止使用","正常")))
O5: =IF(A5="","",IF(OR(B5="",C5="",D5="",E5="",F5="",G5="",H5="",I5="",J5="",K5="",L5="",M5="",N5=""),"需补充",IF(M5="未通过","禁止使用","正常")))
O6: =IF(A6="","",IF(OR(B6="",C6="",D6="",E6="",F6="",G6="",H6="",I6="",J6="",K6="",L6="",M6="",N6=""),"需补充",IF(M6="未通过","禁止使用","正常")))
O7: =IF(A7="","",IF(OR(B7="",C7="",D7="",E7="",F7="",G7="",H7="",I7="",J7="",K7="",L7="",M7="",N7=""),"需补充",IF(M7="未通过","禁止使用","正常")))
O8: =IF(A8="","",IF(OR(B8="",C8="",D8="",E8="",F8="",G8="",H8="",I8="",J8="",K8="",L8="",M8="",N8=""),"需补充",IF(M8="未通过","禁止使用","正常")))
O9: =IF(A9="","",IF(OR(B9="",C9="",D9="",E9="",F9="",G9="",H9="",I9="",J9="",K9="",L9="",M9="",N9=""),"需补充",IF(M9="未通过","禁止使用","正常")))
O10: =IF(A10="","",IF(OR(B10="",C10="",D10="",E10="",F10="",G10="",H10="",I10="",J10="",K10="",L10="",M10="",N10=""),"需补充",IF(M10="未通过","禁止使用","正常")))
O11: =IF(A11="","",IF(OR(B11="",C11="",D11="",E11="",F11="",G11="",H11="",I11="",J11="",K11="",L11="",M11="",N11=""),"需补充",IF(M11="未通过","禁止使用","正常")))
O12: =IF(A12="","",IF(OR(B12="",C12="",D12="",E12="",F12="",G12="",H12="",I12="",J12="",K12="",L12="",M12="",N12=""),"需补充",IF(M12="未通过","禁止使用","正常")))
O13: =IF(A13="","",IF(OR(B13="",C13="",D13="",E13="",F13="",G13="",H13="",I13="",J13="",K13="",L13="",M13="",N13=""),"需补充",IF(M13="未通过","禁止使用","正常")))
... O201: =IF(A201="","",IF(OR(B201="",C201="",D201="",E201="",F201="",G201="",H201="",I201="",J201="",K201="",L201="",M201="",N201=""),"需补充",IF(M201="未通过","禁止使用","正常")))

Sheet 11_字段字典
A1: 3_开放代码登记 | B1: 纳入标准 | C1: 使用中时 | D1: 自由文本 | E1: 说明何时应用。
A2: 3_开放代码登记 | B2: 排除标准 | C2: 使用中时 | D2: 自由文本 | E2: 说明相近但不适用的情况。
A3: 3_开放代码登记 | B3: 正例说明 | C3: 使用中时 | D3: 释义/受控引用 | E3: 避免复制原始用户生成内容（UGC）。
A4: 3_开放代码登记 | B4: 反例/近邻说明 | C4: 使用中时 | D4: 释义/受控引用 | E4: 用于区分近邻代码。
A5: 5_主题登记 | B5: 纳入边界 | C5: 保留时 | D5: 自由文本 | E5: 说明属于本主题的意义。
A6: 5_主题登记 | B6: 排除边界 | C6: 保留时 | D6: 自由文本 | E6: 说明相近但不属于本主题的内容。
A7: 5_主题登记 | B7: 反例检索状态 | C7: 保留时 | D7: 未开始｜已检索未发现｜已发现并处理 | E7: 必须主动检索反例。
A8: 5_主题登记 | B8: 全子语料复核 | C8: 保留时 | D8: 未开始｜进行中｜已完成 | E8: 必须回到冻结子语料复核。
A9: 1_子语料清单 | B9: 自动质检 | C9: 公式 | D9: 正常｜需补充 | E9: 仅检查必填字段。
A10: 2_熟悉材料 | B10: 自动质检 | C10: 公式 | D10: 正常｜需补充｜需复核 | E10: 未完整阅读会触发复核。
A11: 3_开放代码登记 | B11: 自动质检 | C11: 公式 | D11: 正常｜需补充｜需复核 | E11: 使用中缺边界或例证会触发复核。
A12: 4_代码应用 | B12: 自动质检 | C12: 公式 | D12: 正常｜需补充｜试用正常/偏移量待冻结 | E12: 偏移量待冻结不阻止试用，但阻止正式执行。
... A158: 5_主题登记 | B158: 决策日志ID | C158: 状态变化时 | D158: 引用决策日志 | E158: 连接保留、合并、拆分或删除理由。

Sheet 12_合成示例
A1: 从一句合成UGC到候选主题：完整示例
A3: 仅作示例：不是研究证据，不得复制到正式主题登记。
A5: 合成帖子片段
A6: “风景真的很美，但是人太多了，建议早上六点来。”
A9: 记录如何逐层发展
A10: 层级 | B10: 示例记录 | E10: 为什么 | G10: 记录位置 | H10: 状态
A11: 结构化主轨 | B11: AT-EVL=1；AT-SUG=1；sentiment_dir=MIX；ASP-CRO=1 | E11: 记录可重复观察字段 | G11: 现有结构化编码表 | H11: 不是主题
A12: 开放代码1 | B12: 美景被拥挤打折 | E12: 捕捉美感与拥挤的张力 | G12: 3_开放代码登记 + 4_代码应用 | H12: 代码
A13: 开放代码2 | B13: 用时间技巧换取理想体验 | E13: 捕捉通过早起/避峰解决体验障碍 | G13: 3_开放代码登记 + 4_代码应用 | H13: 代码
A14: 候选主题 | B14: 理想风景是一种需要技巧才能获得的稀缺体验 | E14: 把多篇帖子的障碍、技巧与目的地价值组织成共享意义 | G14: 5_主题登记 | H14: 候选
A15: 核心概念 | B15: 目的地价值受时间与知识门槛约束的可获得性 | E15: 说明多个代码为何属于同一主题 | G15: 5_主题登记 | H15: 发展中
A16: 反例 | B16: 不做攻略也能随遇而安，拥挤被描述为热闹 | E16: 检验主题边界，防止只挑支持案例 | G16: 6_主题证据映射 + 7_主题复核 | H16: 反例证据
A18: 主题成立前的最低检查
A19: ✓ | B19: 跨多篇材料形成共享意义，而非关键词或单篇故事。
A20: ✓ | B20: 有核心组织概念和能回答RQ-T的分析主张。
A21: ✓ | B21: 说明纳入/排除边界，并与近邻主题区分。
A22: ✓ | B22: 回到冻结子语料复核，并主动寻找反例和竞争解释。
A23: ✓ | B23: 保留改名、合并、拆分或删除的决策轨迹。

Sheet 13_质量检查
A1: 主题分析试编码：记录完整性与执行状态
A3: 以下计数只用于发现漏填和流程缺口，不代表主题重要性、饱和度或研究质量。
A5: 过程指标 | B5: 当前值 | C5: 解释 | E5: 工作表质检 | F5: 问题数 | G5: 提醒
A6: 纳入子语料 | B6: =COUNTIF('1_子语料清单'!$H$2:$H$201,"已纳入") -> 0 | C6: 已纳入的帖子数 | E6: 1_子语料清单 | F6: =COUNTIF('1_子语料清单'!$P$2:$P$201,"需补充") -> 0 | G6: 需补充
A7: 完整熟悉记录 | B7: =COUNTIF('2_熟悉材料'!$Q$2:$Q$201,"正常") -> 0 | C7: 自动质检状态为正常 | E7: 2_熟悉材料 | F7: =COUNTIF('2_熟悉材料'!$Q$2:$Q$201,"需补充")+COUNTIF('2_熟悉材料'!$Q$2:$Q$201,"需复核") -> 0 | G7: 缺项/复核
A8: 使用中的开放代码 | B8: =COUNTIF('3_开放代码登记'!$K$2:$K$201,"使用中") -> 0 | C8: 当前可用代码 | E8: 3_开放代码登记 | F8: =COUNTIF('3_开放代码登记'!$R$2:$R$201,"需补充")+COUNTIF('3_开放代码登记'!$R$2:$R$201,"需复核") -> 0 | G8: 缺项/复核
A9: 代码应用 | B9: =COUNTA('4_代码应用'!$A$2:$A$501) -> 0 | C9: 一行一次应用；不是阴性分母 | E9: 4_代码应用 | F9: =COUNTIF('4_代码应用'!$S$2:$S$501,"需补充")+COUNTIF('4_代码应用'!$S$2:$S$501,"试用正常/偏移量待冻结") -> 0 | G9: 缺项/偏移量
A10: 候选/发展主题 | B10: =COUNTIF('5_主题登记'!$C$2:$C$201,"候选")+COUNTIF('5_主题登记'!$C$2:$C$201,"发展中") -> 0 | C10: 候选与发展中 | E10: 5_主题登记 | F10: =COUNTIF('5_主题登记'!$T$2:$T$201,"需补充")+COUNTIF('5_主题登记'!$T$2:$T$201,"需复核") -> 0 | G10: 缺项/复核
A11: 保留主题 | B11: =COUNTIF('5_主题登记'!$C$2:$C$201,"保留") -> 0 | C11: 仍需方法冻结 | E11: 6_主题证据映射 | F11: =COUNTIF('6_主题证据映射'!$J$2:$J$501,"需补充") -> 0 | G11: 需补充
A12: 主题证据映射 | B12: =COUNTA('6_主题证据映射'!$A$2:$A$501) -> 0 | C12: 支持、张力与反例 | E12: 7_主题复核 | F12: =COUNTIF('7_主题复核'!$P$2:$P$201,"需补充")+COUNTIF('7_主题复核'!$P$2:$P$201,"需修订")+COUNTIF('7_主题复核'!$P$2:$P$201,"需处理") -> 0 | G12: 缺项/修订
A13: 反例链接 | B13: =COUNTIF('6_主题证据映射'!$F$2:$F$501,"反例证据") -> 0 | C13: 反例证据 | E13: 8_反思备忘录 | F13: =COUNTIF('8_反思备忘录'!$M$2:$M$201,"需补充") -> 0 | G13: 需补充
A14: 主题复核记录 | B14: =COUNTA('7_主题复核'!$A$2:$A$201) -> 0 | C14: 全部复核轮次 | E14: 9_决策日志 | F14: =COUNTIF('9_决策日志'!$M$2:$M$201,"需补充") -> 0 | G14: 需补充
A15: 反思备忘录 | B15: =COUNTA('8_反思备忘录'!$A$2:$A$201) -> 0 | C15: 立场与竞争解释 | E15: 10_人工智能协助日志 | F15: =COUNTIF('10_人工智能协助日志'!$O$2:$O$201,"需补充")+COUNTIF('10_人工智能协助日志'!$O$2:$O$201,"禁止使用") -> 0 | G15: 缺项/禁止
A16: 未关闭决策 | B16: =COUNTIF('9_决策日志'!$E$2:$E$201,"未关闭") -> 0 | C16: 尚未解决决定
A18: 总体状态
A19: =IF(B6=0,"未开始：尚未纳入试编码子语料",IF(SUM(F6:F15)>0,"试编码进行中：存在缺项或正式冻结项",IF(B11=0,"记录完整，但尚未形成保留主题","试编码记录完整；仍需团队冻结方法后才能正式执行"))) -> 未开始：尚未纳入试编码子语料
A23: 正式执行前仍需冻结
A24: 1 | B24: 主题子语料规模及两类抽样比例
A25: 2 | B25: 偏移量、哈希、跨片段ID证据与版本校验契约
A26: 3 | B26: 研究者分工和挑战性复核责任
A27: 4 | B27: 人工智能使用范围与漏检抽审比例
A28: 5 | B28: 至少一次带审计轨迹的试运行
